{
  "enableEnergy": true,
  "crackerEnergyRate": 20,
  "ovoscopeEnergyRate": 10,
  "incubatorEnergyMultiplier": 1.0,
  "breederMaxProcessTime": 1000,
  "crackerProcessTime": 100,
  "ovoscopeProcessTime": 100,
  "eggItemMaxTimeOnGround": 15,
  "onLaidViabilityChange": 0.97,
  "incubateSuccessRate": 0.97,
  "breederFoodConsumptionChance": 0.5,
  "chickens": [
    {
      "name": "chickens:vanilla_chicken",
      "colour": 16777215,
      "is_enabled": true,
      "lay_coefficient": 1.0,
      "breed_speed_multiplier": 1.0,
      "lay_item": {
        "type": "item",
        "id": "minecraft:egg",
        "nbt": "",
        "quantity": 1
      },
      "parent_1": "",
      "parent_2": ""
    },
    {
      "name": "chickens:smart_chicken",
      "colour": 16777215,
      "is_enabled": true,
      "lay_coefficient": 1.0,
      "breed_speed_multiplier": 1.0,
      "lay_item": {
        "type": "item",
        "id": "minecraft:egg",
        "nbt": "",
        "quantity": 1
      },
      "parent_1": "",
      "parent_2": ""
    },
    {
      "name": "chickens:white_chicken",
      "colour": 15790320,
      "is_enabled": true,
      "lay_coefficient": 1.0,
      "breed_speed_multiplier": 1.0,
      "lay_item": {
        "type": "item",
        "id": "minecraft:white_dye",
        "nbt": "",
        "quantity": 1
      },
      "parent_1": "",
      "parent_2": ""
    },
    {
      "name": "chickens:yellow_chicken",
      "colour": 14602026,
      "is_enabled": true,
      "lay_coefficient": 1.0,
      "breed_speed_multiplier": 1.0,
      "lay_item": {
        "type": "item",
        "id": "minecraft:yellow_dye",
        "nbt": "",
        "quantity": 1
      },
      "parent_1": "",
      "parent_2": ""
    },
    {
      "name": "chickens:blue_chicken",
      "colour": 2437522,
      "is_enabled": true,
      "lay_coefficient": 1.0,
      "breed_speed_multiplier": 1.0,
      "lay_item": {
        "type": "item",
        "id": "minecraft:blue_dye",
        "nbt": "",
        "quantity": 1
      },
      "parent_1": "",
      "parent_2": ""
    },
    {
      "name": "chickens:green_chicken",
      "colour": 3887386,
      "is_enabled": true,
      "lay_coefficient": 1.0,
      "breed_speed_multiplier": 1.0,
      "lay_item": {
        "type": "item",
        "id": "minecraft:green_dye",
        "nbt": "",
        "quantity": 1
      },
      "parent_1": "",
      "parent_2": ""
    },
    {
      "name": "chickens:red_chicken",
      "colour": 11743532,
      "is_enabled": true,
      "lay_coefficient": 1.0,
      "breed_speed_multiplier": 1.0,
      "lay_item": {
        "type": "item",
        "id": "minecraft:red_dye",
        "nbt": "",
        "quantity": 1
      },
      "parent_1": "",
      "parent_2": ""
    },
    {
      "name": "chickens:black_chicken",
      "colour": 1973019,
      "is_enabled": true,
      "lay_coefficient": 1.0,
      "breed_speed_multiplier": 1.0,
      "lay_item": {
        "type": "item",
        "id": "minecraft:black_dye",
        "nbt": "",
        "quantity": 1
      },
      "parent_1": "",
      "parent_2": ""
    },
    {
      "name": "chickens:pink_chicken",
      "colour": 14188952,
      "is_enabled": true,
      "lay_coefficient": 1.0,
      "breed_speed_multiplier": 1.0,
      "lay_item": {
        "type": "item",
        "id": "minecraft:pink_dye",
        "nbt": "",
        "quantity": 1
      },
      "parent_1": "chickens:red_chicken",
      "parent_2": "chickens:white_chicken"
    },
    {
      "name": "chickens:purple_chicken",
      "colour": 8073150,
      "is_enabled": true,
      "lay_coefficient": 1.0,
      "breed_speed_multiplier": 1.0,
      "lay_item": {
        "type": "item",
        "id": "minecraft:purple_dye",
        "nbt": "",
        "quantity": 1
      },
      "parent_1": "chickens:blue_chicken",
      "parent_2": "chickens:red_chicken"
    },
    {
      "name": "chickens:orange_chicken",
      "colour": 15435844,
      "is_enabled": true,
      "lay_coefficient": 1.0,
      "breed_speed_multiplier": 1.0,
      "lay_item": {
        "type": "item",
        "id": "minecraft:orange_dye",
        "nbt": "",
        "quantity": 1
      },
      "parent_1": "chickens:red_chicken",
      "parent_2": "chickens:yellow_chicken"
    },
    {
      "name": "chickens:light_blue_chicken",
      "colour": 6719955,
      "is_enabled": true,
      "lay_coefficient": 1.0,
      "breed_speed_multiplier": 1.0,
      "lay_item": {
        "type": "item",
        "id": "minecraft:light_blue_dye",
        "nbt": "",
        "quantity": 1
      },
      "parent_1": "chickens:white_chicken",
      "parent_2": "chickens:blue_chicken"
    },
    {
      "name": "chickens:lime_chicken",
      "colour": 4312372,
      "is_enabled": true,
      "lay_coefficient": 1.0,
      "breed_speed_multiplier": 1.0,
      "lay_item": {
        "type": "item",
        "id": "minecraft:lime_dye",
        "nbt": "",
        "quantity": 1
      },
      "parent_1": "chickens:green_chicken",
      "parent_2": "chickens:white_chicken"
    },
    {
      "name": "chickens:gray_chicken",
      "colour": 4408131,
      "is_enabled": true,
      "lay_coefficient": 1.0,
      "breed_speed_multiplier": 1.0,
      "lay_item": {
        "type": "item",
        "id": "minecraft:gray_dye",
        "nbt": "",
        "quantity": 1
      },
      "parent_1": "chickens:black_chicken",
      "parent_2": "chickens:white_chicken"
    },
    {
      "name": "chickens:cyan_chicken",
      "colour": 2651799,
      "is_enabled": true,
      "lay_coefficient": 1.0,
      "breed_speed_multiplier": 1.0,
      "lay_item": {
        "type": "item",
        "id": "minecraft:cyan_dye",
        "nbt": "",
        "quantity": 1
      },
      "parent_1": "chickens:blue_chicken",
      "parent_2": "chickens:green_chicken"
    },
    {
      "name": "chickens:light_gray_chicken",
      "colour": 11250603,
      "is_enabled": true,
      "lay_coefficient": 1.0,
      "breed_speed_multiplier": 1.0,
      "lay_item": {
        "type": "item",
        "id": "minecraft:light_gray_dye",
        "nbt": "",
        "quantity": 1
      },
      "parent_1": "chickens:gray_chicken",
      "parent_2": "chickens:white_chicken"
    },
    {
      "name": "chickens:magenta_chicken",
      "colour": 12801229,
      "is_enabled": true,
      "lay_coefficient": 1.0,
      "breed_speed_multiplier": 1.0,
      "lay_item": {
        "type": "item",
        "id": "minecraft:magenta_dye",
        "nbt": "",
        "quantity": 1
      },
      "parent_1": "chickens:purple_chicken",
      "parent_2": "chickens:pink_chicken"
    },
    {
      "name": "chickens:flint_chicken",
      "colour": 7039815,
      "is_enabled": true,
      "lay_coefficient": 1.0,
      "breed_speed_multiplier": 1.0,
      "lay_item": {
        "type": "item",
        "id": "minecraft:flint",
        "nbt": "",
        "quantity": 1
      },
      "parent_1": "",
      "parent_2": ""
    },
    {
      "name": "chickens:quartz_chicken",
      "colour": 5046272,
      "is_enabled": true,
      "lay_coefficient": 1.0,
      "breed_speed_multiplier": 1.0,
      "lay_item": {
        "type": "item",
        "id": "minecraft:quartz",
        "nbt": "",
        "quantity": 1
      },
      "parent_1": "",
      "parent_2": ""
    },
    {
      "name": "chickens:log_chicken",
      "colour": 9995373,
      "is_enabled": true,
      "lay_coefficient": 1.0,
      "breed_speed_multiplier": 1.0,
      "lay_item": {
        "type": "item",
        "id": "minecraft:oak_log",
        "nbt": "",
        "quantity": 1
      },
      "parent_1": "",
      "parent_2": ""
    },
    {
      "name": "chickens:sand_chicken",
      "colour": 15525297,
      "is_enabled": true,
      "lay_coefficient": 1.0,
      "breed_speed_multiplier": 1.0,
      "lay_item": {
        "type": "item",
        "id": "minecraft:sand",
        "nbt": "",
        "quantity": 1
      },
      "parent_1": "",
      "parent_2": ""
    },
    {
      "name": "chickens:string_chicken",
      "colour": 16777215,
      "is_enabled": true,
      "lay_coefficient": 1.0,
      "breed_speed_multiplier": 1.0,
      "lay_item": {
        "type": "item",
        "id": "minecraft:spider_eye",
        "nbt": "",
        "quantity": 1
      },
      "parent_1": "chickens:black_chicken",
      "parent_2": "chickens:log_chicken"
    },
    {
      "name": "chickens:glowstone_chicken",
      "colour": 16777062,
      "is_enabled": true,
      "lay_coefficient": 1.0,
      "breed_speed_multiplier": 1.0,
      "lay_item": {
        "type": "item",
        "id": "minecraft:glowstone_dust",
        "nbt": "",
        "quantity": 1
      },
      "parent_1": "chickens:quartz_chicken",
      "parent_2": "chickens:yellow_chicken"
    },
    {
      "name": "chickens:gunpowder_chicken",
      "colour": 10066329,
      "is_enabled": true,
      "lay_coefficient": 1.0,
      "breed_speed_multiplier": 1.0,
      "lay_item": {
        "type": "item",
        "id": "minecraft:gunpowder",
        "nbt": "",
        "quantity": 1
      },
      "parent_1": "chickens:sand_chicken",
      "parent_2": "chickens:flint_chicken"
    },
    {
      "name": "chickens:redstone_chicken",
      "colour": 15073280,
      "is_enabled": true,
      "lay_coefficient": 1.0,
      "breed_speed_multiplier": 1.0,
      "lay_item": {
        "type": "item",
        "id": "minecraft:redstone",
        "nbt": "",
        "quantity": 1
      },
      "parent_1": "chickens:red_chicken",
      "parent_2": "chickens:sand_chicken"
    },
    {
      "name": "chickens:glass_chicken",
      "colour": 16777215,
      "is_enabled": true,
      "lay_coefficient": 1.0,
      "breed_speed_multiplier": 1.0,
      "lay_item": {
        "type": "item",
        "id": "minecraft:glass",
        "nbt": "",
        "quantity": 1
      },
      "parent_1": "chickens:quartz_chicken",
      "parent_2": "chickens:redstone_chicken"
    },
    {
      "name": "chickens:iron_chicken",
      "colour": 16777164,
      "is_enabled": true,
      "lay_coefficient": 1.0,
      "breed_speed_multiplier": 1.0,
      "lay_item": {
        "type": "item",
        "id": "minecraft:iron_ingot",
        "nbt": "",
        "quantity": 1
      },
      "parent_1": "chickens:flint_chicken",
      "parent_2": "chickens:white_chicken"
    },
    {
      "name": "chickens:coal_chicken",
      "colour": 2500134,
      "is_enabled": true,
      "lay_coefficient": 1.0,
      "breed_speed_multiplier": 1.0,
      "lay_item": {
        "type": "item",
        "id": "minecraft:coal",
        "nbt": "",
        "quantity": 1
      },
      "parent_1": "chickens:flint_chicken",
      "parent_2": "chickens:log_chicken"
    },
    {
      "name": "chickens:brown_chicken",
      "colour": 5320730,
      "is_enabled": true,
      "lay_coefficient": 1.0,
      "breed_speed_multiplier": 1.0,
      "lay_item": {
        "type": "item",
        "id": "minecraft:brown_dye",
        "nbt": "",
        "quantity": 1
      },
      "parent_1": "chickens:red_chicken",
      "parent_2": "chickens:green_chicken"
    },
    {
      "name": "chickens:gold_chicken",
      "colour": 13421568,
      "is_enabled": true,
      "lay_coefficient": 1.0,
      "breed_speed_multiplier": 1.0,
      "lay_item": {
        "type": "item",
        "id": "minecraft:gold_nugget",
        "nbt": "",
        "quantity": 1
      },
      "parent_1": "chickens:iron_chicken",
      "parent_2": "chickens:yellow_chicken"
    },
    {
      "name": "chickens:snowball_chicken",
      "colour": 3390463,
      "is_enabled": true,
      "lay_coefficient": 1.0,
      "breed_speed_multiplier": 1.0,
      "lay_item": {
        "type": "item",
        "id": "minecraft:snowball",
        "nbt": "",
        "quantity": 1
      },
      "parent_1": "chickens:blue_chicken",
      "parent_2": "chickens:log_chicken"
    },
    {
      "name": "chickens:water_chicken",
      "colour": 153,
      "is_enabled": true,
      "lay_coefficient": 1.0,
      "breed_speed_multiplier": 1.0,
      "lay_item": {
        "type": "fluid",
        "id": "minecraft:water",
        "nbt": "",
        "quantity": 1000
      },
      "parent_1": "chickens:gunpowder_chicken",
      "parent_2": "chickens:snowball_chicken"
    },
    {
      "name": "chickens:lava_chicken",
      "colour": 13382400,
      "is_enabled": true,
      "lay_coefficient": 1.0,
      "breed_speed_multiplier": 1.0,
      "lay_item": {
        "type": "fluid",
        "id": "minecraft:lava",
        "nbt": "",
        "quantity": 1000
      },
      "parent_1": "chickens:coal_chicken",
      "parent_2": "chickens:quartz_chicken"
    },
    {
      "name": "chickens:clay_chicken",
      "colour": 13421772,
      "is_enabled": true,
      "lay_coefficient": 1.0,
      "breed_speed_multiplier": 1.0,
      "lay_item": {
        "type": "item",
        "id": "minecraft:clay_ball",
        "nbt": "",
        "quantity": 1
      },
      "parent_1": "chickens:snowball_chicken",
      "parent_2": "chickens:sand_chicken"
    },
    {
      "name": "chickens:leather_chicken",
      "colour": 10985580,
      "is_enabled": true,
      "lay_coefficient": 1.0,
      "breed_speed_multiplier": 1.0,
      "lay_item": {
        "type": "item",
        "id": "minecraft:leather",
        "nbt": "",
        "quantity": 1
      },
      "parent_1": "chickens:string_chicken",
      "parent_2": "chickens:brown_chicken"
    },
    {
      "name": "chickens:netherwart_chicken",
      "colour": 8388608,
      "is_enabled": true,
      "lay_coefficient": 1.0,
      "breed_speed_multiplier": 1.0,
      "lay_item": {
        "type": "item",
        "id": "minecraft:nether_wart",
        "nbt": "",
        "quantity": 1
      },
      "parent_1": "chickens:brown_chicken",
      "parent_2": "chickens:glowstone_chicken"
    },
    {
      "name": "chickens:diamond_chicken",
      "colour": 10079487,
      "is_enabled": true,
      "lay_coefficient": 1.0,
      "breed_speed_multiplier": 1.0,
      "lay_item": {
        "type": "item",
        "id": "minecraft:diamond",
        "nbt": "",
        "quantity": 1
      },
      "parent_1": "chickens:glass_chicken",
      "parent_2": "chickens:gold_chicken"
    },
    {
      "name": "chickens:blaze_chicken",
      "colour": 16777062,
      "is_enabled": true,
      "lay_coefficient": 1.0,
      "breed_speed_multiplier": 1.0,
      "lay_item": {
        "type": "item",
        "id": "minecraft:blaze_rod",
        "nbt": "",
        "quantity": 1
      },
      "parent_1": "chickens:gold_chicken",
      "parent_2": "chickens:lava_chicken"
    },
    {
      "name": "chickens:slime_chicken",
      "colour": 39219,
      "is_enabled": true,
      "lay_coefficient": 1.0,
      "breed_speed_multiplier": 1.0,
      "lay_item": {
        "type": "item",
        "id": "minecraft:slime_ball",
        "nbt": "",
        "quantity": 1
      },
      "parent_1": "chickens:clay_chicken",
      "parent_2": "chickens:green_chicken"
    },
    {
      "name": "chickens:ender_chicken",
      "colour": 6656,
      "is_enabled": true,
      "lay_coefficient": 1.0,
      "breed_speed_multiplier": 1.0,
      "lay_item": {
        "type": "item",
        "id": "minecraft:ender_pearl",
        "nbt": "",
        "quantity": 1
      },
      "parent_1": "chickens:diamond_chicken",
      "parent_2": "chickens:netherwart_chicken"
    },
    {
      "name": "chickens:ghast_chicken",
      "colour": 16777164,
      "is_enabled": true,
      "lay_coefficient": 1.0,
      "breed_speed_multiplier": 1.0,
      "lay_item": {
        "type": "item",
        "id": "minecraft:ghast_tear",
        "nbt": "",
        "quantity": 1
      },
      "parent_1": "chickens:white_chicken",
      "parent_2": "chickens:blaze_chicken"
    },
    {
      "name": "chickens:emerald_chicken",
      "colour": 52224,
      "is_enabled": true,
      "lay_coefficient": 1.0,
      "breed_speed_multiplier": 1.0,
      "lay_item": {
        "type": "item",
        "id": "minecraft:emerald",
        "nbt": "",
        "quantity": 1
      },
      "parent_1": "chickens:diamond_chicken",
      "parent_2": "chickens:green_chicken"
    },
    {
      "name": "chickens:magma_chicken",
      "colour": 1705216,
      "is_enabled": true,
      "lay_coefficient": 1.0,
      "breed_speed_multiplier": 1.0,
      "lay_item": {
        "type": "item",
        "id": "minecraft:magma_cream",
        "nbt": "",
        "quantity": 1
      },
      "parent_1": "chickens:slime_chicken",
      "parent_2": "chickens:blaze_chicken"
    },
    {
      "name": "chickens:pshard_chicken",
      "colour": 4423790,
      "is_enabled": true,
      "lay_coefficient": 1.0,
      "breed_speed_multiplier": 1.0,
      "lay_item": {
        "type": "item",
        "id": "minecraft:prismarine_shard",
        "nbt": "",
        "quantity": 1
      },
      "parent_1": "chickens:water_chicken",
      "parent_2": "chickens:blue_chicken"
    },
    {
      "name": "chickens:pcrystal_chicken",
      "colour": 5138785,
      "is_enabled": true,
      "lay_coefficient": 1.0,
      "breed_speed_multiplier": 1.0,
      "lay_item": {
        "type": "item",
        "id": "minecraft:prismarine_crystals",
        "nbt": "",
        "quantity": 1
      },
      "parent_1": "chickens:water_chicken",
      "parent_2": "chickens:emerald_chicken"
    },
    {
      "name": "chickens:obsidian_chicken",
      "colour": 526350,
      "is_enabled": true,
      "lay_coefficient": 1.0,
      "breed_speed_multiplier": 1.0,
      "lay_item": {
        "type": "item",
        "id": "minecraft:obsidian",
        "nbt": "",
        "quantity": 1
      },
      "parent_1": "chickens:water_chicken",
      "parent_2": "chickens:lava_chicken"
    },
    {
      "name": "chickens:soulsand_chicken",
      "colour": 4534565,
      "is_enabled": true,
      "lay_coefficient": 1.0,
      "breed_speed_multiplier": 1.0,
      "lay_item": {
        "type": "item",
        "id": "minecraft:soul_sand",
        "nbt": "",
        "quantity": 1
      },
      "parent_1": "",
      "parent_2": ""
    }
  ],
  "fabricSpawns": []
}