{
  "__comment": "Instructions: https://blakesmods.com/docs/cucumber/tags-config",
  "forge:ingots/constantan": "thermal:constantan_ingot",
  "forge:ingots/tungsten": "industrialupgrade:itemingots/wolfram_ingot",
  "forge:ingots/tin": "industrialupgrade:itemingots/tin_ingot",
  "forge:gems/sapphire": "industrialupgrade:preciousgem/sapphire_gem",
  "forge:ingots/bronze": "industrialupgrade:itemingots/bronze_ingot",
  "forge:ingots/lumium": "thermal:lumium_ingot",
  "forge:ingots/electrum": "industrialupgrade:itemingots/electrium_ingot",
  "forge:silicon": "refinedstorage:silicon",
  "forge:gems/apatite": "thermal:apatite",
  "forge:ingots/silver": "industrialupgrade:itemingots/silver_ingot",
  "forge:dusts/saltpeter": "immersiveengineering:dust_saltpeter",
  "forge:ingots/steel": "industrialupgrade:itemingots/steel_ingot",
  "forge:ingots/platinum": "industrialupgrade:itemingots/platium_ingot",
  "forge:ingots/lead": "industrialupgrade:itemingots/lead_ingot",
  "forge:ingots/graphite": "bigreactors:graphite_ingot",
  "forge:ingots/uranium": "industrialupgrade:itemiucrafring/itemuraningot",
  "forge:ingots/aluminum": "immersiveengineering:ingot_aluminum",
  "forge:ingots/mithril": "industrialupgrade:itemingots/mythril",
  "forge:ingots/iridium": "industrialupgrade:itemingots/iridium_ingot",
  "forge:ingots/zinc": "industrialupgrade:itemingots/zinc_ingot",
  "forge:ingots/signalum": "thermal:signalum_ingot",
  "forge:ingots/invar": "industrialupgrade:itemingots/invar_ingot",
  "forge:gems/ruby": "industrialupgrade:preciousgem/ruby_gem",
  "forge:dusts/niter": "thermal:niter_dust",
  "forge:ingots/chrome": "null",
  "forge:ingots/brass": "create:brass_ingot",
  "forge:ingots/enderium": "thermal:enderium_ingot",
  "forge:ingots/titanium": "industrialupgrade:itemingots/titanium_ingot",
  "forge:rubber": "null",
  "forge:dusts/sulfur": "industrialupgrade:itemdust/sulfur_dust",
  "forge:gems/peridot": "null",
  "forge:ingots/nickel": "industrialupgrade:itemingots/nickel_ingot"
}