{
  "type": "minecraft:crafting_shaped",
  "pattern": [
    "abc",
    "def"
  ],
  "key": {
    "a": {
      "item": "minecraft:iron_ingot"
    },
    "b": {
      "item": "minecraft:stick"
    },
    "c": {
      "item": "minecraft:iron_ingot"
    },
    "d": {
      "item": "minecraft:gunpowder"
    },
    "e": {
      "item": "minecraft:stick"
    },
    "f": {
      "item": "minecraft:gunpowder"
    }
  },
  "result": {
    "item": "handmadeguns2:hmg2_bullet",
    "count": 2
  }
}
