{
"parent": "item/generated",
"textures": {
"layer0": "handmadeguns2:item/gun_ml_sample"
},
"display": {
"thirdperson_righthand": {
"rotation": [ -80, 260, -40 ],
"translation": [ -1, 0, -1 ],
"scale": [ 0.01, 0.01, 0.01 ]
},
"thirdperson_lefthand": {
"rotation": [ -80, -280, 40 ],
"translation": [ -1, 0, -1 ],
"scale": [ 0.01, 0.01, 0.01 ]
},
"firstperson_righthand": {
"rotation": [ 0, -90, 25 ],
"translation": [ 1.13, -10, 1.13],
"scale": [ 0.68, 0.68, 0.68 ]
},
"firstperson_lefthand": {
"rotation": [ 0, 90, -25 ],
"translation": [ 1.13, -10, 1.13],
"scale": [ 0.68, 0.68, 0.68 ]
}
}
}