{
  "type": "minecraft:crafting_shaped",
  "pattern": [
    "abc",
    "def",
    "ghi"
  ],
  "key": {
    "a": {
      "item": "minecraft:iron_ingot"
    },
    "b": {
      "item": "minecraft:redstone"
    },
    "c": {
      "item": "minecraft:iron_ingot"
    },
    "d": {
      "item": "minecraft:redstone"
    },
    "e": {
      "item": "minecraft:gold_ingot"
    },
    "f": {
      "item": "minecraft:redstone"
    },
    "g": {
      "item": "minecraft:iron_ingot"
    },
    "h": {
      "item": "minecraft:redstone"
    },
    "i": {
      "item": "minecraft:iron_ingot"
    }
  },
  "result": {
    "item": "handmadeguns2:hmg2_attachment_machine",
    "count": 1
  }
}
