{
  "parent": "minecraft:recipes/root",
  "criteria": {
    "has_the_recipe": {
      "conditions": {
        "recipe": "handmadevehicle2:hmv2_crafter_sample"
      },
      "trigger": "minecraft:recipe_unlocked"
    },
    "unlock_right_away": {
      "conditions": {},
      "trigger": "minecraft:tick"
    }
  },
  "requirements": [
    [
      "unlock_right_away",
      "has_the_recipe"
    ]
  ],
  "rewards": {
    "recipes": [
      "handmadevehicle2:hmv2_crafter_sample",
      "handmadevehicle2:hmv2_crafter",
      "handmadevehicle2:hmv2_wrench"
    ]
  },
  "sends_telemetry_event": false
}
